train_runtime,train_samples_per_second,train_steps_per_second,total_flos,train_loss,epoch
3646.6256,15.269,0.159,68752372524672614000,0.9118866403555048,11.070689655172414